[
    {
        "type": "parallel",
        "name": "",
        "branches":
        [
            [
                {
                    "type": "webservice",
                    "name": "scanning position",
                    "method": "POST",
                    "url": "http://localhost:8084/scanpos",
                    "post": "sleep(5 * 1000);"
                },
                {
                    "type": "webservice",
                    "name": "scan scene",
                    "method": "GET",
                    "url": "http://localhost:8081/obj/universalrobot",
                    "pre": "request.expect = 'binary';",
                    "post": "storage.saveBinary('scene', responseBody);"
                }
            ],
            [
                {
                    "type": "webservice",
                    "name": "select object to find",
                    "method": "GET",
                    "url": "http://localhost:8082/example_models/cuboid5000.pcd",
                    "pre": "request.expect = 'binary';",
                    "post": "storage.saveBinary('model', responseBody);"
                }
            ]
        ]
    },
    {
        "type": "webservice",
        "name": "object recognition",
        "method": "POST",
        "url": "http://localhost:8082/bl?angle=90&height=.372&tolerance=.005",
        "pre": "request.data = new FormData();\nrequest.contentType = false;\nrequest.data.append('scene', storage.loadBinary('scene'), 'scene.obj');\nrequest.data.append('model', storage.loadBinary('model'), 'model.pcd');",
        "post": "storage.saveJSON('recognition', responseBody);"
    },
    {
        "type": "webservice",
        "name": "calculate robot coordinates",
        "method": "POST",
        "url": "http://localhost:8083/coords",
        "pre": "request.data = new FormData();\nrequest.contentType = false;\nrequest.data.append('recognition', this.recognition);",
        "post": "console.log('move clamshell to: ', responseBody);\nstorage.saveJSON('clamshell', responseBody);"
    },
    {
        "type": "webservice",
        "name": "move clamshell",
        "method": "POST",
        "url": "http://localhost:8084/photopos",
        "pre": "request.data = new FormData();\nrequest.contentType = false;\nrequest.data.append('coordinates', this.clamshell);",
        "post": "console.log(responseBody);\nsleep(2 * 1000);"
    },
    {
        "type": "webservice",
        "name": "take photo",
        "method": "GET",
        "url": "http://localhost:8081/photo",
        "pre": "request.expect = 'binary';",
        "post": "storage.saveBinary('photo', responseBody);"
    },
    {
        "type": "webservice",
        "name": "store data",
        "method": "POST",
        "url": "http://localhost:9999/store",
        "pre": "request.data = new FormData();\nrequest.contentType = false;\nrequest.data.append('recognition', this.recognition);\nrequest.data.append('clamshell', this.clamshell);\nrequest.data.append('scene', storage.loadBinary('scene'));\nrequest.data.append('photo', storage.loadBinary('photo'));"
    }
]
